recording,evar_FA_mean,evar_FA_median,evar_n_hits_mean,evar_n_hits_median,evar_max_hits_mean,evar_max_hits_median,evar_HR_mean,evar_HR_median,evar_trial_idx_mean,evar_trial_idx_median,cond_,set_Easy,set_Hard,set_Medium,epoch_set,t1_0_0.45,t2_0.5_0.95,t3_1_1.45,t4_1.5_1.95,t5_2_2.45,t6_2.5_2.95,t7_3_3.45,t8_3.5_3.95,t9_4_4.45,t10_4.5_4.95,t11_5_5.45,t12_5.5_5.95,t13_6_6.45,t14_6.5_6.95,t15_7_7.45,t16_7.5_7.95,t17_8_8.45,t18_8.5_8.95,t19_9_9.45,t20_9.5_9.95,t21_10_10.45,t22_10.5_10.95,t23_11_11.45,t24_11.5_11.95,t25_12_12.45,t26_12.5_12.95,t27_13_13.45,t28_13.5_13.95,t29_14_14.45,t30_14.5_14.95,t31_15_15.45,t32_15.5_15.95,t33_16_16.45,t34_16.5_16.95,t35_17_17.45,t36_17.5_17.95,t37_18_18.45,t38_18.5_18.95,t39_19_19.45,t40_19.5_19.95,t41_20_20.45,t42_20.5_20.95,t43_21_21.45,t44_21.5_21.95,t45_22_22.45,t46_22.5_22.95,t47_23_23.45,t48_23.5_23.95,t49_24_24.45,t50_24.5_24.95,t51_25_25.45,t52_25.5_25.95,t53_26_26.45,t54_26.5_26.95,t55_27_27.45,t56_27.5_27.95,t57_28_28.45,t58_28.5_28.95
"cS1_b1_b2_b3_b4_b5_b6",0.045455,0,2.6364,3,2.6364,3,1,1,36.6364,33.5,1,1,0,0,"Easy",177.9454,198.5236,216.9281,148.9955,101.6792,135.1584,123.9137,3.88094,-48.02315,8.253425,131.4686,194.9021,190.8019,198.1329,232.9729,265.9427,260.3651,214.959,175.278,203.6333,215.9165,122.5728,-15.20462,29.03496,70.04284,112.1229,103.8929,82.53889,53.92987,60.37317,97.12868,67.5069,28.87518,12.97869,26.611095,44.462837,46.988136,35.021141,37.154884,93.545486,120.61353,143.03726,93.714401,87.973465,86.460114,110.99904,72.63245,121.0422,97.9467,106.6333,118.7302,102.2044,42.91984,1.621194,13.84885,42.14915,53.31963,58.74594
"cS1_b1_b2_b3_b4_b5_b6",0.13043,0,2.6087,3,2.6087,3,1,1,34.8261,36,1,0,0,1,"Medium",157.6325,158.2842,176.8865,138.888,47.53522,62.58853,78.21487,4.29958,-74.99393,-20.7385,166.4512,193.213,89.62128,63.48248,90.74611,103.0046,126.6749,89.42819,60.28816,71.27837,110.9949,135.2014,93.75214,105.6815,109.8257,82.85414,89.69157,37.93198,71.21189,92.14492,88.79973,84.77321,71.179,65.93132,93.379974,118.98732,153.71277,164.03845,155.61093,186.18407,190.33286,141.34509,94.401398,93.569366,124.46207,75.240784,82.88227,69.32848,71.98679,79.58573,96.37877,57.72539,7.281894,26.9403,12.08239,2.195238,-23.5533,-60.17096
"cS1_b1_b2_b3_b4_b5_b6",0.1,0,2.65,3,2.65,3,1,1,38.75,39.5,1,0,1,0,"Hard",-73.87785,-51.60413,-0.4785867,-32.77533,-83.84046,-29.3005,12.55405,3.0167,-44.61158,5.793371,76.51353,76.1957,3.436599,0.09272711,18.5126,98.2175,159.8483,110.8922,24.17578,7.937596,-10.62092,-22.46128,40.08576,83.90284,69.05591,12.74529,-18.60841,5.808789,39.74178,49.5405,59.19125,87.95506,25.34321,-2.836128,12.914905,23.894413,62.552483,50.674088,-1.8885959,22.640932,40.887764,26.037327,4.1033959,23.537094,13.849291,25.05077,53.11771,72.16801,79.36172,106.6763,106.8304,17.44558,-57.97803,-17.91075,46.73928,81.82804,-2.714722,-5.895043
"cS2_b1_b2_b3_b4_b5_b6",0,0,2.3636,2,2.3636,2,1,1,37.2273,36.5,1,1,0,0,"Easy",-101.1657,-53.01724,-110.5387,-63.21828,-34.0751,-24.88082,-19.10723,0.461717,-19.84528,-28.6892,-31.29918,-40.42377,-81.00045,-72.13751,-18.48047,-18.19601,-58.39565,-35.40275,-56.51469,-88.88936,-121.2381,-113.7745,-52.28492,-18.58529,-46.90735,-66.52311,-58.83467,-48.72102,-44.29309,-30.08752,7.083176,46.83616,7.369117,2.83904,0.33964425,-55.778076,-84.764191,-87.26403,-71.677834,-53.279083,-44.016735,-28.41798,5.9387841,4.7368631,-17.487516,-51.214455,-63.60295,-46.80201,-34.37979,-21.42361,-43.36469,-55.69112,-31.42644,-28.01606,-42.32587,-43.27596,-49.39852,-34.26381
"cS2_b1_b2_b3_b4_b5_b6",0.42857,0,2.4286,2,2.4286,2,1,1,29.3571,25,1,0,0,1,"Medium",-115.5537,-95.08336,-109.4168,-83.17001,-91.71053,-22.70375,-3.000343,1.72193,-57.86774,-56.47152,-57.47455,-8.020645,27.63111,24.41604,2.468601,34.67535,73.1358,79.42247,1.636685,-47.65466,-76.27214,-117.6852,-115.1693,-102.1088,-101.5111,-96.86971,-45.44405,-74.59712,-95.77779,-117.5152,-85.88486,-123.021,-74.20478,-21.86483,-17.360048,-65.471146,-79.785645,-44.565994,-66.888588,-107.33757,-106.00511,-109.3386,-116.00621,-112.13511,-105.03188,-78.848846,-110.3562,-83.84667,-87.8534,-42.97078,-23.32762,-92.24364,-100.0909,-79.53443,-100.9768,-94.35825,-93.17033,-119.8779
"cS2_b1_b2_b3_b4_b5_b6",0,0,2.6,3,2.6,3,1,1,23.8,17,1,0,1,0,"Hard",-227.0278,-190.3999,-108.8929,-84.0572,-111.0601,4.715868,32.93519,5.99028,-101.7433,-91.29796,-124.3986,-90.13131,-62.37687,-100.2906,-42.41225,-54.31674,-83.12109,-72.23286,-99.36018,-186.5949,-205.2022,-133.9886,-140.5691,-139.2224,-172.3003,-159.064,-208.0194,-264.4429,-275.9578,-235.8403,-237.7935,-239.4853,-206.2766,-182.5075,-232.77158,-281.25549,-277.68127,-316.16644,-322.18234,-253.20132,-175.20949,-159.61293,-184.38503,-218.35149,-254.04117,-274.30792,-249.4028,-268.739,-255.5941,-221.3399,-235.5828,-273.8218,-246.6404,-173.9232,-251.8786,-224.9831,-164.4879,-112.897
"cS3_b1_b2_b3_b4_b5_b6",0,0,2.5652,3,2.5652,3,1,1,37.9565,38,1,1,0,0,"Easy",173.2344,226.4689,354.4624,93.13759,-23.54161,62.88569,54.20424,1.62355,27.63671,117.8126,203.8494,183.1569,218.6839,234.2114,248.1933,294.5112,297.0822,196.6488,122.2684,100.7312,100.7079,108.288,215.5322,233.1513,153.4044,48.11523,50.28712,32.8989,1.586123,-71.02583,-106.3204,-1.005863,20.56875,-63.97485,-179.06482,-127.16874,-125.24589,-192.58675,-242.79111,-354.3053,-307.85901,-307.7814,-169.02502,-284.69485,-314.38669,-451.65021,-420.7636,-269.2566,-170.3909,-159.0908,-270.5712,-313.7486,-236.1978,-234.2943,-179.2854,-174.0247,-233.5874,-200.0534
"cS3_b1_b2_b3_b4_b5_b6",0.36842,0,2.6316,3,2.6316,3,1,1,35.1053,29,1,0,0,1,"Medium",-114.5357,-133.7293,-47.84246,-59.9413,-108.073,-78.76952,49.03285,13.2419,-154.661,-93.80125,149.3204,262.6811,310.8985,408.4128,428.6815,445.401,488.1465,445.9126,285.2285,151.8672,82.30513,172.8531,178.77,156.36,145.4918,128.5598,221.2496,216.5869,192.7206,219.5839,79.28853,227.7821,239.075,157.1719,122.40999,59.507885,26.43313,109.72728,118.51581,13.905171,-64.676735,-24.927227,-114.88065,-96.554688,-177.00281,-192.78807,-95.85709,-235.759,-322.6048,-184.6183,-217.8215,-147.8051,-46.76688,-146.2973,-144.1164,-127.8993,-158.752,-352.983
"cS3_b1_b2_b3_b4_b5_b6",0.26667,0,2.6,3,2.6,3,1,1,36.8,35,1,0,1,0,"Hard",-86.23351,-89.62074,59.7902,170.496,131.1983,158.3443,193.9587,10.7337,-145.659,-40.87354,96.52449,238.1049,317.8011,353.2819,477.4044,612.0125,707.2642,704.658,612.0916,595.3719,591.6135,640.6642,589.4064,538.4713,689.5505,615.2687,502.6046,406.863,369.1767,316.5107,423.6286,389.3829,414.603,337.5402,152.56226,122.07098,335.33752,414.87152,297.04694,404.75772,476.25253,378.9588,166.28796,73.032715,83.0812,142.34085,94.96963,191.3858,268.8945,424.8551,356.7254,77.81835,39.1096,116.2324,100.7314,107.9335,41.16608,27.15877
"cS4_b1_b2_b3_b4_b5_b6",0,0,2.4348,2,2.4348,2,1,1,37.1739,37,1,1,0,0,"Easy",-41.83125,18.447,53.70361,78.82101,41.69083,37.40144,19.85164,1.77017,-39.74515,-12.24671,35.65002,24.23019,-23.82891,-80.42848,-82.38028,-52.24827,-43.49933,-49.36051,-93.8192,-171.1675,-189.8554,-221.8975,-218.5169,-284.4447,-262.0117,-270.919,-363.6024,-371.3304,-312.0458,-264.6948,-224.8562,-199.3078,-194.7891,-155.75,-127.00393,-117.05241,-111.4136,-144.68172,-195.59921,-156.43379,-145.11549,-174.01848,-177.73717,-122.3559,-130.55783,-138.89336,-117.0905,-105.6954,-91.08159,-92.09706,-103.7504,-104.2446,-42.60537,12.11373,49.83973,31.38216,-24.06202,-21.65199
"cS4_b1_b2_b3_b4_b5_b6",0.14286,0,2.4286,2,2.4286,2,1,1,40.2143,45.5,1,0,0,1,"Medium",-110.6382,-79.86604,-93.23277,13.05761,14.63387,1.54246,38.03645,3.58154,-37.97794,12.98499,65.47343,74.28912,42.07769,24.11227,-82.34785,-123.432,-85.92649,-44.34884,-22.48783,-36.14785,-108.1506,-95.54358,-107.6141,-235.5289,-193.0209,-199.0962,-251.4971,-268.1919,-261.0049,-311.2013,-401.9557,-516.8369,-527.0069,-470.952,-454.73633,-429.47699,-417.14972,-488.54575,-525.34204,-445.22662,-446.80289,-437.59653,-389.09512,-318.12018,-380.00732,-340.9809,-290.6756,-301.3796,-272.1529,-238.1595,-251.169,-315.4523,-284.7772,-334.682,-394.6132,-285.925,-210.7172,-224.7014
"cS4_b1_b2_b3_b4_b5_b6",0.076923,0,2.5385,3,2.5385,3,1,1,44.6923,44,1,0,1,0,"Hard",-86.25371,-92.63617,-30.07846,19.29923,44.70179,59.86002,37.32179,7.7098,-58.06444,1.538391,96.38245,154.5103,143.8274,99.92735,115.0222,128.4474,151.0029,171.7645,159.153,183.4452,141.3564,107.7929,105.0468,73.83544,57.17274,107.808,133.8217,119.611,72.95314,8.94621,-43.12844,-55.13215,-28.30539,8.996485,20.927582,28.125738,-7.9676728,-42.405579,-10.493198,-47.11554,3.9843001,14.704488,-6.1021128,10.170601,42.822411,40.681904,-54.16599,-121.3843,-142.439,-158.0706,-140.7009,-174.8693,-171.91,-205.8851,-219.7476,-222.9744,-226.1832,-163.6392
"cS5_b1_b2_b3_b4_b5_b6",0,0,2.5417,3,2.5417,3,1,1,37.0833,37,1,1,0,0,"Easy",283.4593,264.7863,245.3206,218.2807,109.7723,167.568,126.1754,4.91318,-46.49022,49.68359,186.2043,279.4743,150.6907,82.4978,56.7113,-73.04216,38.87527,215.1136,212.6761,198.4604,146.3096,192.1717,119.5574,128.6282,69.1896,61.78675,93.88066,22.51713,21.16507,-74.41522,-172.4247,-148.2767,-129.2771,-176.4654,-255.47424,-144.0804,-202.53499,-237.28455,-318.52911,-363.30136,-261.57895,-209.18973,-293.92694,-144.45828,-166.43332,-142.912,-242.6982,-282.2878,-278.0008,-287.569,-235.5728,-172.4326,-94.29132,-66.65053,-103.2264,-164.521,-310.6802,-332.1346
"cS5_b1_b2_b3_b4_b5_b6",0.13043,0,2.6087,3,2.6087,3,1,1,36.3043,37,1,0,0,1,"Medium",-97.73563,-0.1868544,32.0053,56.22866,24.42459,0.5703815,52.22849,2.41661,-36.12903,12.16092,169.1974,350.2961,320.4185,257.8845,302.7442,329.278,387.6156,351.7161,304.8879,292.1993,262.4168,183.1933,122.5987,120.6605,44.56873,-30.46256,-42.99621,44.6621,18.08172,-46.28031,-4.096955,-0.01345506,-62.3365,-101.6528,-60.216576,-158.21156,-108.22032,-8.354454,-112.27013,-1.215078,3.2098699,40.569481,-23.212988,29.988806,-67.223778,-108.56954,-32.91655,7.962579,42.85821,-11.10639,-26.41596,-49.30955,-117.8867,-123.3932,-185.6619,-164.0952,-189.3722,-270.4866
"cS5_b1_b2_b3_b4_b5_b6",0.21053,0,2.4737,2,2.4737,2,1,1,39.1053,39,1,0,1,0,"Hard",-247.2643,-89.89369,-82.0334,31.49757,7.096178,41.04779,49.14957,4.65561,-96.77929,-111.5167,70.40742,222.4506,205.347,65.71727,103.2997,176.002,145.867,77.21605,54.64724,93.95145,99.20706,3.572258,-8.831892,-58.08529,-36.59607,-13.42149,-64.45135,-125.2583,-181.937,-114.4601,-54.54298,32.82282,66.55805,30.43653,-42.625904,-31.110834,-69.738838,-48.66806,-162.46971,-134.62354,-155.18544,-325.0589,-258.48331,-219.79166,-228.21646,-279.49295,-276.7862,-276.648,-236.7875,-236.5215,-196.5576,-195.8016,-273.3589,-319.7349,-194.3776,-104.7662,8.663795,-131.9912
"cS7_b1_b2_b3_b4_b5_b6",0.043478,0,2.5652,3,2.5652,3,1,1,37.4783,38,1,1,0,0,"Easy",-75.61295,-45.76984,17.98864,53.54646,90.25652,119.0773,42.70451,0.844997,11.0583,31.24028,-32.91939,-90.38878,-89.91962,-105.6658,-137.965,-168.0249,-230.626,-282.1689,-293.432,-301.2234,-336.433,-345.5545,-365.7693,-407.8745,-437.9874,-445.0356,-550.7182,-594.6478,-629.6871,-650.367,-653.0684,-714.8647,-777.9659,-773.4357,-712.3913,-646.98065,-702.62787,-759.64197,-777.98993,-825.5614,-799.62341,-799.70251,-855.09973,-904.61945,-895.96124,-851.77216,-829.567,-794.0087,-773.5905,-787.9251,-812.7893,-837.4525,-827.7241,-787.7946,-770.4216,-768.873,-753.9193,-757.9387
"cS7_b1_b2_b3_b4_b5_b6",0.045455,0,2.4091,2,2.4091,2,1,1,38.5,38.5,1,0,0,1,"Medium",-215.4401,-197.1537,-98.18264,-23.74188,-13.76579,21.62636,41.35946,0.14213,28.30741,73.79495,144.3717,189.0642,163.4487,135.2831,131.5606,130.3612,121.6804,62.68091,-19.95729,-52.35126,-49.93261,-97.20897,-184.7895,-247.0148,-334.6415,-393.4098,-443.6765,-461.997,-492.4816,-485.3895,-511.4911,-525.5021,-527.0059,-579.9124,-617.5614,-585.71936,-541.48163,-527.8075,-533.50916,-509.22079,-481.59991,-492.75909,-525.66809,-541.68542,-566.84387,-562.15961,-565.858,-580.9877,-611.0723,-631.384,-600.6937,-602.3355,-644.6299,-657.2734,-648.4028,-657.5578,-685.1202,-663.5036
"cS7_b1_b2_b3_b4_b5_b6",0.083333,0,2.5833,3,2.5833,3,1,1,42.0833,45.5,1,0,1,0,"Hard",-99.79778,-75.87274,-58.60625,-54.70037,-60.77383,-33.5157,-27.17701,-0.987494,33.54388,99.90751,203.386,232.9341,215.477,243.3711,314.8445,313.5126,208.5727,165.7715,204.3936,186.8624,109.0921,7.77617,23.68886,-7.618123,-16.3491,-71.45015,-118.5368,-127.1579,-138.629,-98.61069,-72.41072,-77.44576,-183.9113,-231.8809,-191.63521,-176.83456,-224.6709,-258.78314,-282.74359,-262.47076,-286.0871,-296.81708,-303.92352,-347.33636,-272.46152,-233.9231,-316.4795,-392.0136,-459.7021,-484.7085,-456.8265,-471.0247,-463.7582,-429.3964,-444.0565,-448.6651,-442.5976,-434.8345
"cS8_b1_b2_b3_b4_b5_b6",0.05,0,2.35,2,2.35,2,1,1,36.5,39,1,1,0,0,"Easy",-140.1252,-45.47436,-12.88563,-134.3809,-58.11605,7.380635,30.84995,-4.27042,93.00288,180.2808,247.2035,299.237,238.3827,180.0479,115.9349,-87.65032,-159.7763,-171.0233,-116.9748,27.31006,142.8987,94.03259,17.78364,38.16913,75.13544,54.01951,-9.858809,-44.78356,-95.99522,-129.4455,-148.3988,-209.115,-258.1213,-266.8253,-294.10107,-335.21295,-332.86847,-334.0506,-343.68384,-337.28238,-298.28717,-276.69077,-240.30215,-181.46024,-249.35823,-333.35065,-364.2956,-290.2348,-288.8174,-307.6922,-339.8465,-340.0459,-319.3626,-301.7026,-300.5087,-343.481,-466.0118,-500.9648
"cS8_b1_b2_b3_b4_b5_b6",0.15,0,2.35,2,2.35,2,1,1,34.05,36.5,1,0,0,1,"Medium",-53.4785,17.11434,62.80797,66.66853,61.96468,81.76978,22.98387,-1.44827,62.1199,127.5159,155.9148,227.042,320.1741,365.205,291.2851,131.9384,112.439,153.882,187.9414,229.6878,233.9996,250.6123,201.4348,162.9069,175.5904,140.7981,102.6007,93.59342,125.6536,187.7361,167.0062,145.4377,155.0736,182.4224,148.70886,132.07858,38.500366,-24.143316,-30.794291,-27.568741,-14.457054,57.625721,5.4291105,-30.840408,40.384483,133.1488,170.8803,115.8662,13.9852,-32.91772,-61.51789,-37.11715,-52.51725,-101.1424,-109.2929,-136.4958,-123.8889,-130.1443
"cS8_b1_b2_b3_b4_b5_b6",0.15385,0,2.5385,3,2.5385,3,1,1,30.6154,22,1,0,1,0,"Hard",-76.19911,116.0839,269.6703,294.9225,218.6386,125.7019,19.55809,-1.48637,57.57729,249.3017,350.8025,449.13,514.8348,593.2247,573.5522,516.7334,492.4242,442.5477,390.7705,395.2083,470.9105,419.3199,287.6087,295.9819,350.2054,312.0871,210.3969,176.442,139.3711,129.7606,201.7957,281.8215,290.6036,262.9892,293.44312,281.31134,241.64536,234.80637,200.88333,184.35751,216.73425,249.3616,225.30859,213.65388,236.36909,171.94438,60.77181,-40.74924,9.676215,32.8973,49.75971,-28.08482,-45.14123,48.32724,70.30073,103.9893,-2.484918,-43.54392
"cS9_b1_b2_b3_b4_b5_b6",0,0,2.5217,3,2.5217,3,1,1,38.4348,42,1,1,0,0,"Easy",111.1835,152.99,198.3946,184.0049,134.735,118.6311,87.11875,1.80407,-12.13438,69.96965,108.6257,52.6147,-78.75938,-142.4895,-162.2451,-209.8584,-308.8315,-351.8834,-376.6968,-366.5446,-318.0589,-307.5824,-359.1336,-377.9667,-376.9769,-346.3036,-355.1192,-368.2182,-343.9265,-308.7261,-298.9247,-305.8412,-288.1625,-291.8748,-336.86008,-361.49619,-323.65952,-299.75317,-293.15497,-315.21796,-365.01343,-345.63971,-318.40155,-298.33807,-281.08081,-277.16522,-271.769,-256.6795,-223.5772,-227.8304,-260.7657,-242.6472,-285.4391,-333.5767,-316.393,-276.4607,-316.3115,-382.004
"cS9_b1_b2_b3_b4_b5_b6",0,0,2.2667,2,2.2667,2,1,1,41.1333,40,1,0,0,1,"Medium",29.54349,73.95865,109.7037,86.83768,6.301908,20.19678,19.86951,-0.45554,20.54956,134.7887,283.1763,334.7975,230.1715,142.3654,125.4098,92.36606,75.96169,23.15709,-19.3791,-78.02924,-130.4215,-136.1275,-168.1545,-153.9087,-179.1246,-180.4189,-188.0449,-229.3154,-302.4256,-318.3177,-333.2806,-358.5005,-324.388,-282.1141,-277.9606,-268.00287,-284.76953,-305.63345,-353.22354,-369.84424,-429.45685,-441.07135,-432.0831,-380.3801,-356.81723,-369.37164,-352.6708,-318.3562,-341.2383,-388.9278,-397.0116,-403.0241,-433.5558,-421.3726,-367.2808,-330.3156,-356.1132,-409.2975
"cS9_b1_b2_b3_b4_b5_b6",0,0,2.5,2.5,2.5,2.5,1,1,38,35.5,1,0,1,0,"Hard",-24.66538,-19.03916,38.19138,55.42222,-5.994678,-1.180583,-12.97518,-3.01032,61.06018,142.6783,275.3716,349.502,344.4745,341.1288,338.7176,326.5031,336.6078,358.6575,346.9639,326.3814,342.6617,255.9386,145.022,77.13223,-0.7297031,-2.179288,104.7675,183.3485,204.6525,224.8901,187.3602,227.6247,215.8184,176.4738,102.47605,37.465401,39.353195,62.998188,-6.0052328,-118.84259,-203.62691,-191.22079,-222.89096,-356.94781,-418.17145,-373.37607,-375.3212,-369.9379,-335.045,-252.8344,-235.9221,-310.6472,-352.4068,-360.4753,-349.7933,-280.3231,-238.7374,-274.2075
"cS10_b1_b2_b3_b4_b5_b6",0,0,2.3636,2,2.3636,2,1,1,35.6818,36.5,1,1,0,0,"Easy",-110.1217,-5.585828,62.30986,58.80006,21.52546,27.451,15.0312,1.31825,-50.7844,-3.784561,82.73347,84.13936,10.38377,-23.27915,-34.74233,-18.68291,46.60135,117.2725,132.8356,114.3482,62.7089,49.32379,95.26607,113.2619,158.4431,141.9372,86.75456,75.50586,35.86506,-14.07058,-60.78884,-39.90815,-75.28899,-91.03142,-59.570473,-33.430035,-114.41864,-168.60258,-229.75395,-175.61119,-100.82581,-120.02346,-75.219521,-43.483788,-61.004467,-121.53362,-82.79608,-67.15482,-48.64957,-37.94743,-54.74436,-43.72781,-9.6073,-27.79218,-52.07432,-68.41274,-90.99205,-106.3723
"cS10_b1_b2_b3_b4_b5_b6",0.36364,0,2.2727,2,2.2727,2,1,1,31.1818,32,1,0,0,1,"Medium",-87.54842,-22.08961,-15.44641,-40.47756,-116.5014,-121.7714,-94.06843,-0.600632,-22.1178,62.22163,190.8025,153.5147,92.65762,125.9375,126.3857,84.44862,47.61883,44.39779,-46.18424,-127.6185,-186.2459,-219.5662,-48.23612,111.0669,72.84846,45.5626,17.35394,-33.30161,-12.90375,-24.80288,-38.69171,-34.76139,23.39088,67.68046,38.956398,22.457413,39.928848,14.697586,-16.545696,-62.193054,-52.773842,-53.564747,11.388921,-4.1136951,-48.371906,-83.773422,-63.11052,-120.5205,-218.3635,-227.9333,-201.9937,-224.6111,-314.6447,-200.7883,-94.62459,-46.63942,-110.7272,-89.90285
"cS10_b1_b2_b3_b4_b5_b6",0.22222,0,2.1111,2,2.1111,2,1,1,36.1111,33,1,0,1,0,"Hard",-51.24965,-44.57101,-25.08432,18.51297,-20.30248,-18.38683,-62.22599,0.653933,19.8506,150.2105,173.2743,130.7212,126.9106,-17.92158,-64.83533,-33.62318,37.72685,135.1633,159.5198,64.89532,32.85137,142.7903,83.94977,-78.9164,-97.93668,-41.18053,159.7745,64.55402,-45.67311,-68.86803,-23.22594,-34.14432,-27.14991,-6.588509,-33.041618,-95.135094,-75.742104,17.025375,-49.809017,-19.310192,-6.5470338,-28.784704,-72.516983,26.926929,142.41252,171.86594,23.49646,4.554882,-58.34333,-5.188354,5.693733,-51.79504,29.26663,8.25683,7.908472,-25.36078,-107.3242,-157.6365
"cS11_b1_b2_b3_b4_b5_b6",0.055556,0,2.5556,3,2.5556,3,1,1,35.3333,31.5,1,1,0,0,"Easy",-36.96159,71.58154,10.1078,-9.949354,27.42669,12.52276,11.46554,0.497569,11.46702,66.4937,94.42464,41.64983,7.544917,-31.20761,-41.53095,5.1837,-8.048673,22.41047,46.62219,62.81083,89.96239,83.23109,69.19552,9.844507,-20.69899,18.25146,42.98611,86.32826,84.88722,81.31337,96.92902,104.784,64.59785,18.02226,-18.864483,-125.86317,-147.23503,-144.16115,-24.064859,40.205936,67.865211,58.114143,61.585747,34.118488,29.569281,85.527138,68.22173,-31.35196,-66.67446,-134.3002,-165.8987,-109.8967,-44.86076,-1.464958,-20.62053,-67.56544,-72.51842,-64.12984
"cS11_b1_b2_b3_b4_b5_b6",0.33333,0,2.5833,3,2.5833,3,1,1,35,33,1,0,0,1,"Medium",366.5484,249.998,138.9938,102.8324,60.47966,81.42978,57.89947,4.70531,-57.30652,-22.67202,16.752,75.98915,-20.49734,-85.27342,-65.40607,-22.06968,-7.119833,-42.47294,-115.2806,-143.1698,-144.722,-157.4818,-198.2515,-275.468,-332.0132,-294.734,-178.6995,-69.4057,-49.22569,-5.257127,24.71538,69.71287,62.12336,47.46122,-15.309708,-81.085968,-145.72514,-147.6282,-144.34941,-108.4763,-114.5388,-124.36233,-207.76871,-240.26936,-156.37247,-91.472,-125.0604,-69.75898,-79.33345,-195.4592,-282.6848,-288.6226,-284.8316,-244.8121,-212.1077,-231.6567,-271.827,-190.1127
"cS11_b1_b2_b3_b4_b5_b6",0.16667,0,2.5833,3,2.5833,3,1,1,36.5833,31.5,1,0,1,0,"Hard",47.97311,81.90312,67.52159,89.49831,123.4596,44.80196,29.18783,5.21462,-76.76846,-84.063,-66.04166,-26.57478,-38.43729,-18.80287,6.519969,-30.42437,-113.2127,-111.0397,-24.3938,9.370337,13.37491,-29.1074,-64.4259,-96.26137,-127.6913,-170.1753,-234.0777,-210.8835,-100.162,-75.55231,-79.95007,-63.46819,-110.6658,-112.6225,-89.694427,-42.658127,12.167646,36.511093,-45.992516,-63.29068,-66.414482,-92.966583,-93.288902,-104.35209,-117.61153,-94.835854,-148.6622,-204.4032,-264.952,-298.3364,-342.3486,-367.284,-366.0267,-374.9723,-402.8679,-373.4127,-425.7304,-491.1049
"cS12_b1_b2_b3_b4_b5_b6",0.043478,0,2.6087,3,2.6087,3,1,1,37.087,38,1,1,0,0,"Easy",-71.81932,-79.67057,-52.79459,-19.8815,-77.99801,-98.25574,5.249218,2.68969,-53.07546,-33.93398,21.34155,-1.866311,-35.01805,-93.71881,-115.3731,-127.4731,-140.2499,-71.4597,-93.58202,-112.8946,-191.1517,-214.1009,-187.1251,-102.2476,-100.8959,-224.7846,-326.468,-338.0782,-296.8735,-248.4435,-298.6092,-302.7569,-310.6938,-302.0379,-351.17886,-340.35516,-381.40381,-446.47137,-444.0296,-342.79523,-322.10095,-284.9971,-253.21347,-265.008,-289.37265,-263.83698,-276.5288,-227.83,-200.5889,-190.3623,-171.444,-167.2425,-225.1757,-275.768,-289.377,-280.8342,-330.7199,-433.7768
"cS12_b1_b2_b3_b4_b5_b6",0.047619,0,2.381,2,2.381,2,1,1,34.1429,35,1,0,0,1,"Medium",-65.32465,-78.35127,-15.35801,-40.52743,-52.81506,-47.16588,-51.03526,0.704252,-18.76786,4.641995,65.09724,132.9113,150.3544,214.4094,227.2767,231.3072,214.9956,211.516,193.2266,169.4568,175.9826,161.9165,144.3829,131.1437,84.66541,95.21825,163.5033,140.4627,126.2061,109.39,143.6466,147.5452,109.1462,153.3142,207.92549,182.87814,91.76265,58.908653,59.705273,35.232063,-11.462786,-52.965691,-39.820374,34.580025,12.941519,-42.894871,-65.30827,-129.785,-137.4337,-85.1255,-110.3393,-63.44588,18.15111,15.16371,-60.15692,-5.460529,39.69217,48.86876
"cS12_b1_b2_b3_b4_b5_b6",0.095238,0,2.4286,2,2.4286,2,1,1,37.1429,32,1,0,1,0,"Hard",-117.2951,-102.4428,-118.4098,-208.2808,-206.6031,-135.5588,-106.0859,-3.12713,61.35162,152.4102,221.2648,268.6278,177.1892,136.4638,163.4712,235.9478,278.2841,254.3188,242.1293,253.5883,261.6549,242.2981,244.4734,208.3473,137.2149,107.2802,129.1841,138.9525,164.1201,175.576,196.875,220.268,212.7246,118.4547,101.79498,139.3018,126.48499,114.17955,74.383682,33.315163,22.237591,-69.657837,-37.914043,-19.287258,-68.55661,39.366505,9.929278,-43.9346,-67.37572,-15.15189,13.65843,52.9099,29.5188,-62.81986,-102.5735,-83.70289,-55.27778,-2.938121
"cS13_b1_b2_b3_b4_b5_b6",0.045455,0,2.2273,2,2.2273,2,1,1,38.6818,42.5,1,1,0,0,"Easy",-425.6987,-400.315,-433.2445,-356.0122,-297.3068,-231.1987,-64.1326,-0.553947,-13.04753,-60.60128,-19.19724,14.43651,2.208701,-72.85415,-84.44373,-112.8602,-22.861,11.07486,-62.19825,-98.39025,-63.16425,-38.30819,-20.17029,-40.63141,-116.427,-226.1387,-298.0218,-367.3794,-338.9975,-375.6153,-410.8227,-516.5613,-538.8739,-535.4208,-482.81876,-486.327,-491.35791,-480.79828,-491.24918,-526.81238,-521.97046,-548.90741,-701.35577,-711.65747,-642.65546,-605.67609,-562.9557,-683.5822,-725.8107,-711.4586,-721.2264,-794.4482,-787.8496,-716.9645,-645.3733,-686.4092,-722.5062,-726.7623
"cS13_b1_b2_b3_b4_b5_b6",0.28571,0,2.4286,2,2.4286,2,1,1,33.8095,34,1,0,0,1,"Medium",-558.5034,-555.4549,-482.8347,-352.7438,-231.9936,-191.0005,-54.23388,-1.42955,-4.967165,-18.60929,135.3278,190.7572,79.39998,33.36747,25.96126,72.12296,55.03505,32.52065,6.480952,-8.454733,-95.63368,-236.0027,-278.0401,-386.8226,-396.8383,-337.3696,-419.2737,-552.7167,-486.8783,-495.2374,-397.9986,-447.8181,-549.1994,-560.122,-511.97028,-545.76624,-607.19189,-598.46686,-594.80359,-651.20905,-673.61969,-647.43481,-624.32715,-678.98914,-642.12927,-614.89441,-547.5956,-541.73,-717.6776,-773.9032,-723.8845,-623.9121,-653.067,-677.577,-712.6204,-669.188,-562.1844,-578.5901
"cS13_b1_b2_b3_b4_b5_b6",0.3125,0,2.1875,2,2.1875,2,1,1,39,43,1,0,1,0,"Hard",-252.941,-76.38173,-44.37788,-10.88212,62.39632,73.35841,18.303,2.32296,20.82412,144.4281,284.3356,473.4593,519.707,517.3024,574.8752,566.7728,528.915,389.3196,398.5549,428.451,396.6822,354.3326,315.3107,326.7766,293.8498,192.3015,205.9777,262.7103,300.464,275.7202,242.1467,204.3437,202.5772,61.78103,-50.30909,28.172894,25.222683,-72.399239,-51.115181,24.224075,89.797035,105.55461,24.408802,19.563034,-24.021221,-33.02932,-68.17619,-113.808,-133.611,-6.684717,73.21625,2.627209,-98.43851,-88.21046,-173.4961,-174.2526,-255.2875,-316.4194
"cS14_b1_b2_b3_b4_b5_b6",0.15385,0,2.4615,2,2.4615,2,1,1,31.5385,35,1,1,0,0,"Easy",8.536633,-5.622499,-39.2169,-31.40506,-98.49381,-81.24101,-30.26695,0.0304606,-17.64888,-110.46,-190.2055,-191.9787,-184.2909,-162.8546,-103.9053,-75.399,-163.5951,-204.1702,-247.8191,-311.5845,-346.6489,-314.0046,-272.0095,-269.083,-320.314,-405.0639,-385.5875,-334.3747,-335.0375,-339.2679,-342.6761,-337.6309,-343.0419,-437.6469,-535.72668,-535.05341,-447.38461,-421.62979,-457.26733,-481.60211,-413.48456,-369.60822,-428.11768,-443.25693,-404.81714,-342.32813,-336.4229,-375.0332,-387.9788,-368.8573,-336.6519,-291.6602,-280.0217,-377.8469,-507.0829,-452.212,-411.6402,-404.5531
"cS14_b1_b2_b3_b4_b5_b6",0.44444,0,2.4444,2,2.4444,2,1,1,49.5556,51,1,0,0,1,"Medium",10.07743,-56.32881,-91.90389,-26.69348,-27.50304,0.5436447,54.35765,0.357265,1.278765,-3.252708,-99.32152,-159.8104,-153.4485,-143.0643,-103.2973,-60.95953,-36.98765,-81.26021,-138.8729,-202.9448,-274.1354,-263.9728,-188.99,-77.52237,-48.71611,-113.5673,-215.3138,-336.5706,-354.8852,-279.0973,-203.0684,-129.5941,-116.6781,-214.4882,-332.83258,-414.33051,-378.84894,-338.34882,-312.13837,-250.2961,-232.09647,-330.18027,-391.04852,-430.79648,-432.72519,-391.10016,-321.5352,-284.9435,-300.6397,-364.1136,-381.4004,-389.0764,-444.8602,-444.6542,-404.7068,-412.3788,-493.4869,-514.0806
"cS14_b1_b2_b3_b4_b5_b6",0.4,0,2.4,2,2.4,2,1,1,46,52,1,0,1,0,"Hard",-163.744,-96.99345,-15.56242,13.65577,50.79014,109.5594,88.06993,4.29778,-33.10619,47.28154,85.34251,53.74225,17.68526,-51.03795,-76.13181,-24.50432,-62.82029,-51.54465,1.013643,-30.60389,2.05082,-26.23735,-195.1537,-220.3795,-90.81777,-40.6652,-11.08854,-113.0455,-183.8291,-251.9511,-333.7675,-348.6016,-326.1055,-235.8745,-236.62292,-250.35928,-344.66824,-313.6087,-356.07889,-391.01355,-423.52032,-394.57983,-399.07977,-473.9223,-574.15729,-686.75519,-682.2841,-604.8885,-519.8285,-473.9675,-528.9049,-671.1085,-711.1043,-636.7662,-578.4659,-424.1515,-407.1683,-516.8982
"cS15_b1_b2_b3_b4_b5_b6",0.047619,0,2.5238,3,2.5238,3,1,1,37.7143,34,1,1,0,0,"Easy",90.89516,11.37019,-95.69645,-88.62071,-111.113,-111.2532,7.363204,-0.0360667,17.91298,94.4883,117.301,150.7004,183.122,174.1685,154.6277,62.28712,44.61012,74.59422,61.48497,-12.9708,-133.0039,-111.1351,-83.35322,-152.8143,-129.2475,-39.4397,33.83485,73.51604,62.27983,53.61886,41.00681,17.01152,-12.10845,-13.352,-30.325054,2.157846,31.503042,90.105789,65.039795,38.554859,-0.59100181,3.6282868,44.449005,31.382191,110.21844,108.86837,137.3107,108.3065,125.5684,109.1337,119.2677,123.6371,139.9982,86.55461,26.71066,-43.47896,11.36139,-156.0917
"cS15_b1_b2_b3_b4_b5_b6",0.052632,0,2.5263,3,2.5263,3,1,1,33.1579,35,1,0,0,1,"Medium",-163.0873,-49.4581,-19.51793,-12.19473,-16.53543,-65.50417,-53.93605,-5.56911,54.75259,149.9099,212.3796,258.0767,215.8177,204.5783,177.6213,207.0078,181.9784,117.6653,54.54908,7.286776,-27.9703,-34.1781,-104.7122,-80.64527,-117.7429,-90.90437,-75.51743,-75.14647,-58.20632,-89.70345,-174.8335,-142.3223,-95.13562,-120.3851,-126.7407,-119.81099,-207.36406,-410.47333,-357.81757,-275.0528,-216.46896,-172.1389,-153.99167,-121.83185,-222.86552,-294.82068,-252.4918,-201.4994,-214.383,-197.9491,-146.752,-138.5133,-101.481,-115.9339,-171.0575,-181.805,-169.2703,-240.9713
"cS15_b1_b2_b3_b4_b5_b6",0.125,0,2.375,2,2.375,2,1,1,31.5625,32,1,0,1,0,"Hard",112.5188,14.18422,-16.59108,28.01335,-53.77557,-23.66481,8.704432,-0.261501,0.5413444,42.42902,237.9168,367.6701,327.9193,369.5021,418.1037,368.056,300.7713,156.595,93.83626,98.57674,119.1873,149.0364,92.69833,-30.20504,-15.91089,82.83775,40.62032,-11.50067,-90.31187,-126.5616,-170.9716,-166.933,-174.0434,-207.1342,-89.271072,-122.98623,-211.3252,-95.456367,-27.2757,-27.150991,-50.500492,-72.669991,-19.619671,24.200518,39.187103,20.377777,-26.46336,-50.25057,-107.0304,-63.12566,-10.09243,-39.19417,-45.37229,-64.9097,-59.74967,-60.96944,-163.8273,-232.0173
"cS16_b1_b2_b3_b4_b5_b6",0.045455,0,2.4545,2,2.4545,2,1,1,36.5,32.5,1,1,0,0,"Easy",-1.169057,99.79678,123.0359,74.23732,-0.3046965,12.16309,28.91468,-0.0749165,-32.21745,-80.12239,-165.4602,-220.3424,-260.5298,-291.6493,-317.4984,-299.8004,-302.5582,-341.7101,-371.1215,-381.1949,-377.7947,-417.4183,-414.9846,-466.9135,-541.5942,-599.4612,-668.7777,-686.8857,-657.2102,-682.1143,-725.3998,-694.275,-695.0681,-715.8688,-749.02917,-707.21082,-748.26233,-764.11139,-768.64929,-735.17169,-705.87274,-678.8067,-654.63696,-676.97913,-660.76404,-630.34509,-627.7614,-706.0101,-743.223,-769.0839,-732.4479,-766.8954,-821.736,-810.5789,-774.3378,-768.2313,-774.9692,-765.1658
"cS16_b1_b2_b3_b4_b5_b6",0.041667,0,2.5,2.5,2.5,2.5,1,1,35.75,36,1,0,0,1,"Medium",132.9059,160.6415,142.4985,88.32516,59.04591,31.07644,38.99065,0.822649,-11.90262,-6.330447,-0.6369042,-20.39712,-68.49183,-99.50171,-123.9175,-147.7152,-172.4624,-215.4938,-262.3879,-302.481,-286.6242,-294.1833,-309.5737,-368.3454,-337.4922,-291.166,-234.6116,-195.9255,-247.9267,-277.0342,-308.5024,-348.8252,-391.5988,-377.8362,-353.08728,-392.01816,-407.47995,-389.06989,-383.99326,-354.11313,-360.01767,-392.51465,-414.64297,-427.80438,-438.51367,-391.49802,-374.1693,-349.1334,-342.7563,-363.6945,-409.9432,-416.3143,-416.25,-404.4412,-395.0301,-372.6099,-384.4384,-411.7863
"cS16_b1_b2_b3_b4_b5_b6",0.15,0,2.45,2,2.45,2,1,1,36.55,37.5,1,0,1,0,"Hard",108.3948,124.8703,97.63951,49.80797,-0.1997925,-6.116794,21.11886,2.52063,-52.08564,-16.72636,-10.75393,-46.24329,-58.40847,-99.21432,-112.2295,-114.9476,-181.9774,-211.686,-155.8595,-163.7991,-173.1974,-163.8298,-160.5108,-200.7023,-180.3448,-176.7436,-267.157,-269.0708,-256.4059,-272.1046,-240.7301,-211.1829,-221.453,-250.869,-257.29916,-248.23996,-228.47925,-240.69223,-237.95329,-232.88589,-218.12045,-146.16557,-164.55077,-155.7048,-163.49417,-235.60469,-250.3834,-239.0581,-232.6793,-233.8872,-223.6317,-189.4727,-184.5803,-176.7263,-152.7959,-129.9101,-163.3837,-201.5638
"cS17_b1_b2_b3_b4_b5_b6",0,0,2.2941,2,2.2941,2,1,1,35,35,1,1,0,0,"Easy",-19.20994,-54.32635,-104.8938,-111.2254,-89.05672,-44.39214,-12.69174,-0.969083,11.50943,34.90189,-0.7028408,-84.56495,-99.91001,-69.23537,-17.81634,41.13485,51.53093,11.06314,-10.27981,15.38708,-28.38366,-114.9979,-128.2433,-120.8607,-84.76141,-55.11326,-81.43604,-112.7297,-95.04163,-92.05629,-119.034,-146.8251,-196.4688,-226.2346,-199.00529,-192.27196,-210.21786,-214.95659,-164.96991,-108.88361,-115.58919,-119.09209,-101.17149,-153.74849,-191.41524,-245.9696,-298.9848,-270.76,-249.5921,-242.0815,-225.7208,-214.5053,-214.725,-220.4644,-288.9217,-349.9442,-411.1501,-456.6718
"cS17_b1_b2_b3_b4_b5_b6",0.33333,0,2.4167,2,2.4167,2,1,1,36.4167,35,1,0,0,1,"Medium",234.4601,236.9565,206.6385,197.255,124.4304,90.39085,48.2243,-0.653601,15.56233,85.86572,170.2769,206.1125,192.7678,149.9712,99.55045,30.23622,-35.22351,-60.89803,-52.13104,4.157875,83.42424,138.9259,168.8829,125.8212,3.040301,-109.122,-152.3592,-145.5605,-108.0342,-63.47126,-27.86838,-8.155437,8.90872,3.439274,-0.29871616,-29.295502,-85.709641,-140.06206,-147.92099,-136.82578,-97.282051,-63.660809,-51.443684,-83.267426,-123.30117,-163.4082,-270.7559,-324.446,-318.8946,-283.5364,-228.139,-136.7218,-111.6368,-98.95933,-124.3938,-120.9397,-132.8443,-105.0291
"cS17_b1_b2_b3_b4_b5_b6",0.6,1,2.2,2,2.2,2,1,1,45,47,1,0,1,0,"Hard",10.56053,76.83228,93.28072,154.6971,154.9444,93.49883,56.9851,0.614785,-7.219277,64.182,120.9422,98.23821,74.34981,75.1248,11.71405,-47.26257,-90.15326,-122.2577,-130.3963,-95.35946,-20.90136,79.15409,86.92335,84.11565,23.15184,21.0055,-16.18603,-40.80837,-24.53274,-35.85066,0.8129677,93.56301,150.4263,142.2912,65.503151,50.136009,35.430748,101.61964,138.90163,199.61569,264.22,284.57339,237.71762,236.35648,82.994064,-44.051796,-72.75514,-56.35648,40.67606,64.30868,135.7211,193.9244,224.8073,240.5824,138.2038,-21.44455,-125.6894,-147.5184
"cS18_b1_b2_b3_b4_b5_b6",0,0,2.2917,2,2.2917,2,1,1,36.2917,36.5,1,1,0,0,"Easy",43.41196,38.44093,134.9294,134.5669,65.71083,-1.338538,55.58105,4.01727,0.6108013,145.5627,205.8594,171.289,107.7233,71.9184,96.40349,96.19582,107.1747,77.18011,93.78762,127.9217,144.6207,145.2811,81.37932,60.47439,93.57657,75.22466,48.1813,-7.432677,-20.38245,3.396191,24.36171,20.12819,-1.871014,10.67082,44.542614,-0.65703791,-27.048712,37.744926,102.89014,71.462906,59.313923,138.94235,130.58456,66.183105,31.727896,20.312588,-15.54638,-40.70541,-23.00209,-19.38908,14.12329,74.39825,109.7126,58.5662,35.00274,5.053166,-17.35473,-36.41041
"cS18_b1_b2_b3_b4_b5_b6",0.13043,0,2.4783,2,2.4783,2,1,1,37.5652,38,1,0,0,1,"Medium",12.11687,35.01188,103.1613,21.51776,-113.5048,-112.3098,-14.40575,2.31593,-29.82771,91.61141,220.4545,306.6312,225.6008,208.2701,251.9378,320.0627,294.7704,304.2215,336.0726,288.233,308.2874,349.3377,323.9785,298.1078,305.8496,292.7776,304.3304,308.4518,274.2332,294.8493,240.8904,244.6883,329.2774,387.2903,387.56894,388.54907,285.53397,319.90741,336.72711,280.07532,296.0462,335.233,324.44269,273.27386,288.53711,224.02556,212.3158,189.4164,253.8403,271.6257,221.9352,156.9414,186.6686,133.1146,160.8802,189.5998,127.1738,72.43096
"cS18_b1_b2_b3_b4_b5_b6",0.1,0,2.55,3,2.55,3,1,1,34.7,33,1,0,1,0,"Hard",61.67017,112.3524,114.7541,88.15845,-40.99567,-80.42693,47.76558,8.48378,-59.92342,100.8531,277.7957,431.6428,384.5979,394.6488,441.7358,511.8602,474.6683,399.3445,411.0453,406.6812,340.9535,394.3555,509.4274,585.7819,579.0883,562.5061,614.0959,643.6962,586.0546,598.1496,611.4332,560.2324,506.5164,509.6898,497.94794,446.56836,363.06049,362.7973,332.60822,368.11163,430.72485,476.45004,483.05029,441.65836,412.90146,467.18207,526.3912,556.6655,523.8008,438.6053,512.2555,551.9984,571.8123,534.897,508.6335,564.4517,626.7259,602.4722
"cS19_b1_b2_b3_b4_b5_b6",0,0,2.3913,2,2.3913,2,1,1,35.5652,35,1,1,0,0,"Easy",-632.0313,-517.5538,-260.7512,-80.70718,-46.43684,-1.890764,87.45773,10.4201,-128.7724,-96.44044,47.20059,80.99003,105.7357,64.54979,-51.98562,-108.4371,-116.391,-167.546,-222.5033,-254.8148,-356.142,-446.3205,-574.3879,-604.9301,-646.3583,-572.7278,-552.4714,-641.9422,-751.9661,-841.0166,-906.2499,-954.0075,-842.3787,-876.8835,-1062.318,-1230.6931,-1144.1184,-1114.9752,-1148.4126,-1173.1376,-1287.4449,-1230.66,-1174.6906,-1129.3187,-1059.8145,-1006.4659,-954.548,-929.6496,-883.6185,-779.8809,-846.6915,-877.8169,-832.6449,-798.9722,-717.2863,-612.3685,-677.7299,-827.1833
"cS19_b1_b2_b3_b4_b5_b6",0.38462,0,2.6923,3,2.6923,3,1,1,37.7692,39,1,0,0,1,"Medium",-492.4133,-213.9855,11.24288,113.3774,82.45123,-127.071,-120.6791,-3.79867,79.83387,178.2323,260.3174,363.5045,337.0005,316.9038,285.1408,287.4271,367.3541,381.4969,344.5632,356.6187,263.6058,145.1592,68.98366,8.528856,-45.55605,-109.6489,-119.3047,-106.8304,-166.0256,-152.6948,-155.427,-226.3898,-285.0914,-262.2702,-421.45483,-473.42865,-395.9462,-404.68484,-349.32172,-327.03564,-307.45609,-300.98291,-467.67422,-508.09848,-530.23773,-517.35095,-502.7913,-472.0141,-439.3438,-481.773,-494.9363,-563.6568,-728.2665,-689.5585,-669.9587,-722.5665,-747.2819,-819.8947
"cS19_b1_b2_b3_b4_b5_b6",0.55556,1,2.6667,3,2.6667,3,1,1,37.3333,43,1,0,1,0,"Hard",-329.0497,-239.4286,-21.74176,54.90934,-53.85632,-163.7955,-72.73976,-1.5352,1.802468,104.4787,237.4377,272.958,247.9595,288.9481,347.1179,400.6256,408.3369,334.794,232.3454,141.586,133.0535,83.37074,160.7877,183.412,139.4564,155.8549,138.8947,143.2908,196.3127,110.3481,19.91536,-144.2604,-259.0698,-269.4243,-269.60718,-153.50751,-123.22444,-336.71075,-307.79938,-191.11929,-115.21289,-206.96643,-350.83185,-263.68979,-347.78384,-477.11182,-618.8327,-690.6196,-779.4833,-778.2723,-727.8226,-599.6342,-517.9535,-655.468,-555.7583,-267.4388,-350.5341,-433.2825
"cS20_b1_b2_b3_b4_b5_b6",0.28571,0,2.4762,2,2.4762,2,1,1,36.0952,37,1,1,0,0,"Easy",58.40035,75.9518,88.40933,125.5829,27.59733,20.29981,34.16804,4.97749,-97.91157,-108.2454,-86.46372,-156.1778,-325.2872,-401.5099,-412.679,-465.0922,-548.5457,-564.7816,-532.8702,-517.5334,-500.8366,-447.4678,-408.7033,-439.672,-467.0654,-464.7123,-441.7653,-461.204,-529.7484,-620.8895,-649.7001,-656.8154,-659.1873,-687.4699,-692.06366,-661.87994,-672.02191,-668.51752,-593.48511,-583.3056,-625.8739,-684.35712,-699.12927,-641.34253,-592.22455,-645.99243,-636.6416,-622.6926,-655.185,-705.7293,-657.4239,-735.5443,-807.8417,-817.9282,-797.5265,-809.7364,-833.6188,-937.9164
"cS20_b1_b2_b3_b4_b5_b6",0.35714,0,2.5714,3,2.5714,3,1,1,33.0714,30.5,1,0,0,1,"Medium",34.00305,10.7427,43.75464,76.48411,2.972391,5.039031,45.05398,6.73002,-74.95082,-75.8577,33.07995,99.45932,-16.81166,-43.95697,7.827614,51.00183,37.59796,66.011,32.73914,48.11103,35.94128,-26.66689,-57.27288,-111.5211,-73.03162,-61.99729,-57.3591,-62.92899,-130.9164,-188.0029,-264.8713,-326.1319,-399.6782,-439.4949,-495.47089,-542.3819,-476.72418,-331.74799,-248.41061,-291.59238,-367.34424,-369.43854,-389.08661,-451.14551,-432.53882,-361.88123,-239.197,-185.2329,-213.2227,-174.8488,-143.646,-150.9627,-258.7386,-278.3744,-236.378,-197.8319,-357.7122,-484.3029
"cS20_b1_b2_b3_b4_b5_b6",0.5,0.5,2.5,2.5,2.5,2.5,1,1,30.3333,26.5,1,0,1,0,"Hard",182.8474,167.8777,221.1834,230.7967,121.3266,34.23962,2.485656,-5.62223,171.2509,392.66,630.1604,743.7353,619.076,515.2884,527.3177,575.9823,529.7545,428.7305,369.9933,372.0398,351.8893,360.1966,363.9132,337.7744,320.8338,213.8615,268.6536,331.9133,268.6617,277.6388,323.7723,275.3181,115.3261,-44.10256,-83.779495,-39.61068,-40.084641,-56.899445,-50.47842,-103.59656,-65.301491,-63.349171,-73.598145,-52.381371,-1.3334796,-54.690895,-122.719,-92.82453,-105.0977,-207.4825,-305.6546,-309.113,-184.8032,-83.93587,47.77193,154.5681,266.558,480.9721
"cS21_b1_b2_b3_b4_b5_b6",0,0,2.4348,2,2.4348,2,1,1,36.0435,34,1,1,0,0,"Easy",17.82532,209.9152,308.6527,299.3614,214.6046,113.0403,-4.258178,-6.60471,110.2712,253.2687,319.1852,512.5319,620.4379,702.584,726.2066,778.7244,766.5317,647.6458,605.1041,772.4422,962.7155,955.7244,848.3008,764.5331,792.2716,837.312,775.7751,693.6795,664.921,650.1182,677.9615,643.2362,545.7826,462.8113,478.22568,439.99722,601.66174,664.41339,584.75714,519.01392,441.8606,526.38019,482.52423,427.36127,424.53876,395.49957,340.6089,403.7122,450.7577,632.0629,579.5924,445.8782,369.9365,300.2707,481.9328,617.1268,626.3541,356.9344
"cS21_b1_b2_b3_b4_b5_b6",0,0,2.5,2.5,2.5,2.5,1,1,37.25,37.5,1,0,0,1,"Medium",68.19966,106.3596,123.2784,183.3972,55.40405,-21.33233,-67.02198,-5.52101,90.35428,215.8051,425.9216,504.3152,508.7405,540.9899,551.8013,592.3771,690.3834,744.4562,655.3297,599.1903,684.088,794.9171,634.4124,671.177,542.4128,602.1434,659.3202,609.0659,473.9315,442.0376,549.0978,472.4989,519.3519,365.3912,204.52917,176.27963,199.40189,268.52219,172.23335,176.25951,316.27335,385.75848,394.06061,239.66055,92.782471,96.813911,117.1576,230.4047,238.2271,296.9175,386.2186,410.5641,226.8438,252.4924,370.6467,326.3934,329.5359,247.0927
"cS21_b1_b2_b3_b4_b5_b6",0.15789,0,2.2632,2,2.2632,2,1,1,29.9474,30,1,0,1,0,"Hard",-231.6022,-244.7689,-117.9661,-42.95133,-26.09498,-112.2522,-112.7148,-3.49747,95.74492,215.3326,543.0031,698.287,634.8351,701.4007,773.9133,771.1782,724.2612,789.5682,763.1929,756.2066,911.195,953.7633,996.639,960.3,911.5594,847.1848,706.8476,752.8678,736.3837,761.5723,683.8881,595.235,521.9393,511.1031,439.52728,472.1608,416.6022,334.03046,295.32065,373.46176,340.05151,360.68784,379.89307,481.92938,381.06976,214.61299,212.9846,41.94216,71.13825,98.87117,51.15872,72.11723,141.9153,219.334,302.2578,402.5768,414.6662,467.166
"cS22_b1_b2_b3_b4_b5_b6",0,0,2.4783,2,2.4783,2,1,1,38.6522,39,1,1,0,0,"Easy",-60.01248,23.4909,31.08248,8.4581,-25.14034,-32.52118,-31.30268,1.5435,-15.45215,29.16589,-26.24277,-105.7,-180.4991,-167.168,-183.05,-77.81355,-106.6657,-127.1623,-185.2547,-124.4379,-110.1522,-159.5434,-105.8356,-104.0039,-76.69221,-28.8938,-105.6501,-119.3932,-89.97444,-101.647,-100.0487,-168.102,-265.9746,-226.555,-227.86551,-165.827,-69.394539,-36.525551,-40.17918,-110.47552,-124.61202,-100.50554,-127.44102,-228.68176,-255.17017,-189.97295,-182.576,-278.3736,-188.3262,-119.9609,-24.63354,-102.7674,-205.9247,-86.76919,-61.72725,-105.2018,-248.4195,-293.253
"cS22_b1_b2_b3_b4_b5_b6",0.05,0,2.5,2.5,2.5,2.5,1,1,36.85,37,1,0,0,1,"Medium",-77.42786,-36.17966,59.04631,60.93125,47.20929,43.31514,28.76968,-1.56391,41.67637,212.8692,331.8244,266.4642,192.0472,113.1916,-5.803694,93.97744,180.5417,205.0874,199.0605,246.4444,354.4849,286.9681,219.7024,223.3763,136.2371,179.3192,122.0108,114.3846,89.33135,78.93526,7.863746,-76.99286,-7.501474,63.25367,23.437187,83.236687,43.699299,-19.89336,-86.470856,-102.95976,-10.823834,36.583454,-26.831945,-118.73332,-212.65498,-258.07135,-182.8722,-210.8291,-230.0237,-204.0364,-162.047,-162.0567,-173.9551,-218.811,-133.4274,-196.5235,-173.3542,-235.9657
"cS22_b1_b2_b3_b4_b5_b6",0.055556,0,2.4444,2,2.4444,2,1,1,34.8333,34.5,1,0,1,0,"Hard",-75.28151,-52.79073,43.30376,83.44106,68.43241,67.56699,28.59344,0.596707,12.95769,184.0182,331.9216,331.7531,258.8395,201.3624,274.6511,389.8425,465.7514,415.7117,419.2971,287.4919,242.1255,305.7722,295.5843,421.1594,489.334,391.0577,268.831,207.6669,359.7365,381.3658,322.0806,222.5803,144.1819,193.386,241.91672,202.25128,221.59659,296.39423,264.10602,257.32147,303.16971,249.37317,233.70068,199.46587,258.77762,229.6208,123.4746,51.67834,88.39534,93.12978,150.2242,175.3645,238.1725,292.0767,212.7497,292.6643,284.4883,258.2469
"cS23_b1_b2_b3_b4_b5_b6",0,0,2.25,2,2.25,2,1,1,36.5833,36,1,1,0,0,"Easy",-68.0916,-21.93025,-0.01855469,29.62368,-25.064,-32.7606,28.96668,4.98262,-70.85072,-64.28938,13.48743,96.90031,123.3986,78.5554,26.95276,25.27372,39.17185,17.71735,35.64934,13.30378,15.78075,-55.17197,-110.6854,-104.4557,-135.4476,-163.5777,-152.5687,-179.7629,-205.3584,-226.7809,-186.6938,-236.0745,-257.9488,-278.084,-297.16031,-375.89828,-439.83487,-439.95184,-520.78076,-566.18719,-545.60419,-585.67596,-557.44897,-598.27325,-596.74866,-614.45764,-685.0905,-676.4098,-617.0255,-590.8376,-594.813,-630.3757,-644.5052,-669.4263,-602.7,-598.7589,-572.0817,-511.1027
"cS23_b1_b2_b3_b4_b5_b6",0.058824,0,2.4118,2,2.4118,2,1,1,31.8824,30,1,0,0,1,"Medium",-206.5199,-132.8569,-60.3146,-29.95441,-33.77526,-44.46786,1.070316,1.44164,-10.9261,-2.585147,35.30164,97.26172,78.69173,32.43612,14.29593,-38.64109,-46.42877,-111.1003,-175.0808,-129.2443,-98.98555,-80.20663,-127.4049,-179.7915,-240.4637,-220.4923,-212.9163,-267.3472,-312.6575,-309.5106,-341.0238,-316.3922,-296.5257,-295.0096,-270.71957,-219.06091,-208.48276,-245.43889,-351.08582,-405.66083,-347.30243,-367.40445,-372.06946,-354.72153,-356.99155,-401.42328,-472.3737,-533.8751,-478.5201,-455.7638,-489.4387,-488.43,-508.7997,-538.361,-538.376,-539.0626,-583.3185,-593.1379
"cS23_b1_b2_b3_b4_b5_b6",0,0,2.5556,3,2.5556,3,1,1,32.3333,26,1,0,1,0,"Hard",-180.9989,-63.45796,-55.35493,-56.1737,-17.08845,12.57285,-1.163727,3.48943,-56.56968,-90.69012,-5.021283,111.075,113.6796,98.20821,93.29995,116.4793,78.20826,-11.62576,-64.24773,-99.08802,-147.2012,-143.0258,-158.6924,-149.1114,-41.95078,8.482496,78.50542,84.35944,16.19879,12.20844,-31.88595,-94.07611,-96.20305,-109.2408,-140.47382,-209.2093,-289.23483,-378.28806,-387.84265,-346.59698,-330.16022,-267.12653,-223.11792,-190.40581,-191.91965,-178.3864,-180.8057,-200.9013,-252.9909,-251.0417,-283.7391,-426.4264,-439.6317,-528.8857,-544.9582,-404.9719,-313.8797,-269.6743
"cS24_b1_b2_b3_b4_b5_b6",0,0,2.3182,2,2.3182,2,1,1,36.0455,36,1,1,0,0,"Easy",-149.1444,-159.029,-81.69362,-40.40392,-7.417249,131.869,62.80547,0.107812,11.34159,46.74384,65.3757,29.40925,60.58193,3.160449,-28.04969,-21.51054,2.192715,-96.28439,-238.3084,-127.7238,-117.9908,-153.2518,-240.4032,-216.0332,-250.2261,-216.684,-292.0096,-271.0669,-145.6029,-153.5156,-210.7275,-348.8164,-285.522,-242.935,-330.67975,-186.82007,-234.71489,-237.68054,-218.34946,-200.25873,-196.2961,-23.248569,-4.8145323,-98.358612,-56.340721,-107.97754,-79.68554,-63.49586,60.16694,175.0581,152.5479,163.1487,50.01049,22.72528,-35.76825,41.72443,2.324664,90.11829
"cS24_b1_b2_b3_b4_b5_b6",0.10526,0,2.6316,3,2.6316,3,1,1,36.1579,36,1,0,0,1,"Medium",-130.3976,-163.6087,-109.706,-52.94463,-124.7637,-64.57692,-20.83587,-4.8885,68.19704,100.9805,135.515,101.0718,8.522649,65.372,54.18201,-37.15425,-22.10881,13.63918,21.47276,-131.7589,-144.215,-116.3094,-220.8092,-189.7925,-186.1316,-239.6462,-191.6013,-222.5216,-187.7057,-195.6928,-167.793,-159.9105,-186.4408,-172.8892,-271.6019,-290.57684,-326.35092,-274.61957,-270.94815,-298.95731,-151.37857,-115.99351,-57.932007,-57.938862,-171.51151,-159.10568,-81.49591,-123.6671,-105.9395,-38.6237,6.112182,-73.18724,-127.697,-169.9613,-93.76741,-133.5498,-152.4154,-234.8094
"cS24_b1_b2_b3_b4_b5_b6",0.28571,0,2.5714,3,2.5714,3,1,1,43.1429,43,1,0,1,0,"Hard",-372.7646,-300.244,-263.6154,-371.5432,-165.8528,3.858913,26.94413,6.01627,-44.39238,61.7412,22.73509,95.46413,75.82029,85.75481,56.23009,-47.2779,-90.8447,35.46787,-29.1379,-151.9566,-453.0916,-623.0908,-326.6016,-113.5665,-265.145,-255.3875,-122.657,23.90485,-71.87816,-214.5324,-116.822,-4.441213,101.0615,110.3098,-19.097401,-142.15909,68.579208,156.87544,246.76868,232.11172,88.343094,51.552692,75.534752,-164.04222,19.860083,151.72446,278.239,104.8678,37.88154,159.9664,98.25035,223.698,119.6278,87.65675,102.8155,79.43606,58.30778,-31.34744
"cS25_b1_b2_b3_b4_b5_b6",0.045455,0,2.3636,2,2.3636,2,1,1,39.2273,41,1,1,0,0,"Easy",-186.3222,-118.5984,-93.18474,-85.76264,-80.26375,-49.48253,-3.392957,-2.29474,50.49216,117.1435,51.67287,-26.5784,-78.93653,-111.5642,-119.6387,-111.1466,-133.2793,-170.5884,-207.9152,-237.6698,-266.4893,-282.14,-256.5687,-234.1721,-253.3184,-279.0053,-270.807,-268.7928,-286.2224,-296.8083,-296.7883,-317.2217,-322.7661,-296.6538,-236.20036,-225.84656,-258.90231,-271.8064,-290.0152,-298.97906,-303.93866,-321.97845,-298.216,-308.02927,-328.92105,-359.42291,-381.5711,-388.0477,-354.2702,-356.4568,-325.8083,-314.2669,-324.7135,-313.3217,-312.7202,-331.4208,-343.433,-344.2726
"cS25_b1_b2_b3_b4_b5_b6",0.2,0,2.45,2,2.45,2,1,1,40.25,38.5,1,0,0,1,"Medium",-174.241,-101.7769,-79.63516,-61.70388,-63.63668,-50.08326,-20.74125,-1.12039,39.2961,164.1741,218.7861,237.5109,221.0743,244.5342,274.6507,308.014,267.439,218.6228,169.7517,166.7903,176.1933,188.1008,137.0912,99.86092,54.602,68.58585,54.00416,60.26163,74.78228,61.58273,70.89154,97.07866,58.76075,23.91296,8.2149925,29.310253,-11.990254,-5.3325973,-34.469345,-31.656042,-61.691113,-95.386551,-96.569199,-82.508255,-92.11821,-107.43583,-82.19472,-88.34612,-120.8007,-136.582,-158.0946,-184.5204,-196.1744,-206.4456,-199.4317,-195.3571,-229.5946,-244.8276
"cS25_b1_b2_b3_b4_b5_b6",0.4,0,2.4,2,2.4,2,1,1,43.8,47,1,0,1,0,"Hard",-44.78834,-1.116014,-3.014896,-33.42242,-32.54511,-9.070287,7.76412,-1.25045,45.90757,219.4644,313.4878,310.2632,292.1418,308.9713,334.8566,331.4335,302.3736,277.5892,282.3526,276.1334,247.2673,272.9862,216.1488,167.5565,152.0195,169.1747,183.9851,198.5096,197.9996,181.4718,182.9324,143.8566,133.1216,138.7327,119.60067,76.857574,11.77684,33.193409,65.745422,32.406563,26.22262,36.823715,-8.3802547,-12.916769,-35.323521,-8.9987659,-74.23189,-64.07106,-47.85558,-75.91164,-91.96379,-99.08615,-108.3739,-120.1214,-135.5049,-90.61037,-132.8509,-110.2699
"cS26_b1_b2_b3_b4_b5_b6",0,0,2.7619,3,2.7619,3,1,1,32.5714,35,1,1,0,0,"Easy",-351.6289,-325.7084,-269.0168,-192.9291,-133.8867,-6.742267,38.03895,1.58959,-0.4384643,18.18158,72.28063,131.1387,14.64452,8.165709,115.071,162.0025,138.8421,69.17506,27.72551,-34.58876,-78.77967,-121.3218,-65.86214,-91.9453,-114.0215,-168.6762,-205.7126,-228.0049,-228.0498,-307.6877,-363.4803,-412.0494,-418.4465,-373.805,-365.53238,-332.08038,-312.38419,-410.86432,-364.27115,-490.24188,-504.41302,-512.84351,-496.3605,-493.84946,-660.11224,-730.22333,-741.4407,-802.0071,-791.5337,-807.1387,-779.5957,-688.0234,-657.3925,-606.3884,-590.3031,-665.7423,-600.7705,-639.9777
"cS26_b1_b2_b3_b4_b5_b6",0.22222,0,2.2222,2,2.2222,2,1,1,29.6667,26,1,0,0,1,"Medium",-53.95716,-67.28852,-59.46407,-107.0937,-134.6429,-106.6533,-25.48206,-1.33727,52.57715,126.8383,230.8155,353.4896,386.8994,327.8367,237.9573,167.0507,220.4133,335.4145,242.5265,76.65607,-83.13304,-166.7623,-86.30177,-44.04928,-61.03988,-37.61143,5.530578,-132.33,-302.6695,-431.6412,-392.1574,-336.478,-289.8459,-307.5194,-329.84067,-229.96799,-189.82857,-323.91785,-564.68756,-674.46814,-629.39001,-587.90253,-685.28827,-898.72198,-847.85449,-516.23419,-342.8898,-428.5857,-652.2545,-870.958,-835.3986,-785.1598,-767.5511,-545.7892,-501.6027,-455.7894,-593.076,-707.3431
"cS26_b1_b2_b3_b4_b5_b6",0,0,2.4286,2,2.4286,2,1,1,25.2857,18,1,0,1,0,"Hard",-280.1149,-124.9205,-52.64984,-37.1703,36.94097,78.2774,82.54144,4.41743,2.177874,88.43829,227.9593,306.9413,311.3556,322.5966,355.0955,308.4134,283.3164,348.8341,273.8486,344.8438,376.8888,285.2468,295.8917,268.681,30.21871,-76.5112,-48.71304,-63.77916,-152.7292,-195.8222,-288.1841,-321.2304,-233.4717,-165.3244,-339.67038,-456.23941,-443.15518,-390.38596,-344.20099,-211.41853,-51.358421,-171.83691,-85.251251,-186.60861,-505.68848,-726.67615,-707.1385,-716.4134,-774.5063,-731.6244,-801.5628,-872.1694,-922.2324,-753.4814,-680.8342,-617.2646,-707.5828,-698.7521
"cS28_b1_b2_b3_b4_b5_b6",0,0,2.5417,3,2.5417,3,1,1,35.5833,36,1,1,0,0,"Easy",-192.4314,-94.64294,67.64858,66.8743,129.1246,143.2167,101.8122,-1.53409,91.15334,233.3568,284.3596,107.4817,-35.09019,-30.06628,-41.73027,-62.98015,-82.78839,-144.9852,-149.4465,-180.1532,-233.9384,-291.478,-307.806,-314.0383,-240.6119,-224.0495,-273.5134,-309.8824,-381.2454,-395.1375,-321.7936,-278.9798,-306.4533,-319.3007,-356.3028,-365.13651,-319.70908,-317.53668,-425.89926,-466.50299,-470.22266,-470.40167,-502.05234,-539.88641,-473.65854,-411.48087,-415.2735,-453.8323,-501.9203,-516.2587,-503.1774,-489.8046,-439.5314,-456.6536,-427.2142,-414.5199,-385.2984,-411.5123
"cS28_b1_b2_b3_b4_b5_b6",0.13636,0,2.5455,3,2.5455,3,1,1,36.5455,36,1,0,0,1,"Medium",-54.07904,-47.64079,60.68682,156.1814,129.3519,85.89378,61.10896,-0.473249,64.9604,259.2864,422.8381,473.0125,384.773,308.3137,302.461,303.1749,308.7089,372.212,364.3883,262.03,146.5219,192.3817,196.6021,83.77132,27.77382,-10.56151,-42.21214,-70.10358,-92.50718,-67.88645,-90.30282,-74.7021,-69.38717,-110.3863,-206.14987,-204.82935,-159.55069,-127.80388,-187.28749,-236.0782,-220.37402,-176.23611,-124.95204,-203.22623,-265.96509,-313.52264,-321.2088,-315.7935,-288.6483,-277.8488,-292.9455,-310.2883,-281.64,-300.5782,-308.3189,-262.1647,-287.6916,-374.9422
"cS28_b1_b2_b3_b4_b5_b6",0.33333,0,2.0833,2,2.0833,2,1,1,30.1667,30.5,1,0,1,0,"Hard",-105.8939,0.802524,21.56713,108.6521,24.20716,-79.49379,6.724565,-0.463912,21.18122,191.5906,409.8817,461.2134,325.6357,153.3252,129.6985,192.2991,360.3671,427.9923,493.1387,525.7145,457.7389,386.0856,263.8628,342.2167,300.6934,164.3004,18.25336,-0.6718426,47.96696,98.65359,188.146,235.8555,184.5242,72.54987,107.94137,192.07581,156.33719,206.59152,234.09775,194.21988,195.60127,207.70584,172.72324,208.96872,221.14877,90.264534,-26.17265,-181.9592,-258.3916,-350.8486,-430.01,-403.7472,-403.5791,-478.9781,-520.6168,-484.7773,-513.3191,-470.1401
"cS29_b1_b2_b3_b4_b5_b6",0,0,2.625,3,2.625,3,1,1,37.0833,36,1,1,0,0,"Easy",98.07182,134.3757,193.0843,189.604,154.9866,96.75647,51.80543,0.801628,0.1446938,52.58852,114.7907,118.2219,71.65575,95.89568,107.3283,104.2257,118.7679,144.0173,120.8243,91.72599,67.98442,75.03738,77.21582,67.86952,79.25751,82.9765,52.67494,20.62429,-7.738806,-21.77437,-38.81275,-14.1972,24.4887,65.02624,87.298676,61.07497,5.9356108,-22.423687,-19.966732,-9.5119715,11.225247,8.8324471,6.4171958,33.776272,50.329948,32.747364,9.354752,-4.940927,-39.13968,-60.54282,-83.69054,-91.28334,-84.46908,-119.2091,-120.115,-92.49135,-107.9409,-119.1443
"cS29_b1_b2_b3_b4_b5_b6",0,0,2.5,2.5,2.5,2.5,1,1,36.9583,37,1,0,0,1,"Medium",-15.2457,30.45203,69.39723,80.9109,63.23326,73.22797,27.68087,-0.917684,22.24969,86.2484,192.9043,263.7274,225.299,170.8121,198.5472,243.5893,262.934,240.1,218.2926,217.4904,212.1072,213.8136,212.4032,185.2292,178.7228,148.2618,125.233,136.9523,156.3876,131.122,100.8469,70.53467,13.49384,-17.96759,-23.033321,-27.977131,-17.816402,-42.051945,-44.045181,-9.6655731,34.729115,49.384022,32.819889,-16.407278,-31.812963,-51.758217,-6.827755,28.64442,6.907748,-16.76499,-44.2773,-82.59914,-127.5195,-138.5247,-99.12418,-92.33747,-106.5264,-129.2675
"cS29_b1_b2_b3_b4_b5_b6",0.375,0,2.3125,2,2.3125,2,1,1,37.625,39,1,0,1,0,"Hard",-97.75758,-39.94608,16.78041,51.51068,48.62284,61.22547,59.52357,4.0184,-54.40745,18.46685,152.0781,246.1856,241.6634,183.9287,165.9149,197.5826,246.2889,241.5439,251.707,273.1469,276.4771,248.9727,248.1045,241.0056,238.2957,199.3564,188.7159,192.4333,222.5007,236.1545,243.6773,260.716,225.4073,198.5488,166.00134,148.73489,149.17241,145.24217,125.49113,112.48743,84.733604,55.195923,93.939011,107.53267,115.14125,109.18449,59.67777,31.24208,43.18021,36.65344,66.62158,46.16652,40.75499,58.24311,67.24785,103.1392,83.6046,39.39798
"cS30_b1_b2_b3_b4_b5_b6",0,0,2.5417,3,2.5417,3,1,1,36.75,38.5,1,1,0,0,"Easy",-21.1751,40.73516,43.1698,24.76791,29.99593,33.24244,20.09317,1.35227,-25.98569,-28.57993,-24.76986,63.49981,123.3234,146.811,107.8888,143.6264,243.2293,235.5549,208.6026,109.8142,6.197345,-5.732566,-38.67814,-52.66317,-62.23312,-88.63732,-98.22706,-131.9364,-171.7826,-71.87952,-44.83498,-47.64568,-86.26131,-138.5705,-141.48555,-101.23243,-57.373169,-26.33993,-22.498549,-10.137234,-43.429832,-83.847824,-65.669838,-29.589905,44.99131,23.430149,11.85957,37.62891,37.88131,-39.2071,1.087113,25.57265,-29.62361,-50.99734,-67.59822,-84.39145,-106.0934,-82.82156
"cS30_b1_b2_b3_b4_b5_b6",0.041667,0,2.4167,2,2.4167,2,1,1,36.7083,37.5,1,0,0,1,"Medium",-110.4612,-50.32858,-82.19763,-28.16865,56.31048,51.86055,37.7,-0.124813,-50.31571,-27.76768,110.5101,212.3707,225.5564,224.22,275.7709,313.7698,272.2633,265.3015,172.7976,200.6821,214.6578,222.8105,237.0225,242.8007,179.0861,118.5543,81.9994,137.0769,125.9278,80.1132,75.78422,121.5202,54.1601,3.699382,45.195839,98.879639,165.05728,115.96753,105.20032,140.17795,115.0874,69.909256,68.66201,63.120735,30.419535,-40.224251,-65.65254,-91.5807,-59.13983,18.14001,25.06725,19.65774,27.75074,69.9883,110.065,65.16862,4.844271,-45.63994
"cS30_b1_b2_b3_b4_b5_b6",0.125,0,2.3333,2,2.3333,2,1,1,36.0417,35.5,1,0,1,0,"Hard",-42.25422,-73.02098,-56.25104,69.7075,165.8544,149.956,109.534,2.4641,-14.25059,107.7999,192.4566,268.4322,289.8859,315.0048,365.0518,321.0368,236.133,219.0261,195.768,233.4246,158.1311,156.5192,126.3173,169.9493,206.5271,248.2734,230.8904,167.8089,140.616,155.4225,127.7452,113.9659,93.9301,25.23088,65.519646,88.416885,52.33448,21.969065,-8.122427,46.330429,-33.717144,-23.196795,-6.4060259,-17.875298,-45.102848,-37.027191,-86.40865,-111.9947,-102.3513,-52.41685,-61.62623,-33.47301,10.05264,29.67207,135.6713,199.0841,184.8169,173.2659
"cS31_b1_b2_b3_b4_b5_b6",0,0,2.619,3,2.619,3,1,1,35.2381,35,1,1,0,0,"Easy",-81.4692,20.39114,80.33224,-23.27134,-54.31803,-8.4099,-6.507079,-9.66459,163.7458,269.3298,252.9973,107.8036,-39.11446,-72.51438,-104.7743,-112.6292,-135.073,-252.1101,-342.5231,-361.0945,-355.0988,-387.1775,-503.6752,-540.4084,-507.9838,-523.2955,-514.1314,-541.4458,-562.2211,-598.8553,-653.95,-530.6236,-420.332,-474.0655,-490.78336,-525.27869,-560.58545,-547.31366,-434.95404,-339.85541,-386.73334,-365.80713,-307.32672,-400.77969,-367.43976,-329.20184,-337.3972,-353.2828,-400.7781,-383.1825,-276.3141,-220.1703,-201.0349,-108.2375,-44.27476,-143.01,-166.6882,-160.6792
"cS31_b1_b2_b3_b4_b5_b6",0.2,0,2.65,3,2.65,3,1,1,37.55,37.5,1,0,0,1,"Medium",200.0389,165.8914,181.6088,201.1913,117.052,96.30344,75.19225,-4.09941,101.7575,261.4612,365.8068,431.7886,427.5096,458.4291,513.3963,547.4828,559.4263,493.1103,493.6195,486.3416,358.3884,349.3219,271.5445,210.6711,185.0141,187.4961,158.8977,138.5856,114.6928,73.04198,98.58774,133.7231,155.7599,169.1271,168.84869,135.46426,157.72731,214.0675,239.24106,267.53787,205.93892,191.78668,201.05281,194.59364,209.77946,193.53334,146.677,165.8491,254.5213,240.1056,130.7289,33.81877,-56.53444,-66.98645,93.2513,158.1046,123.6756,68.104
"cS31_b1_b2_b3_b4_b5_b6",0.27273,0,2.1818,2,2.1818,2,1,1,45.0909,47,1,0,1,0,"Hard",418.1875,429.2492,430.5755,324.6902,124.0736,124.5297,98.50764,-0.574612,56.74128,105.7294,164.9992,243.6989,260.248,242.7142,222.7401,301.2244,262.0778,222.2683,208.7637,333.229,399.3168,412.2873,303.3186,266.9154,314.3573,311.839,237.2229,272.5655,271.449,217.2619,274.3669,270.9432,180.7296,187.6716,160.65286,92.879105,76.847961,31.228619,-87.360954,-103.14461,15.174571,28.536198,88.606941,32.609398,-33.374786,-93.684425,-134.6424,-207.593,-240.6324,-298.424,-278.0439,-338.4915,-388.8369,-401.1685,-380.5345,-486.0005,-468.3733,-424.5884
"cS32_b1_b2_b3_b4_b5_b6",0,0,2.5714,3,2.5714,3,1,1,35.7143,31,1,1,0,0,"Easy",-433.9085,-356.1704,-176.7627,-95.56918,-31.51321,52.30164,120.3991,7.10414,-65.94843,-115.5996,-42.36514,-56.67817,-127.3546,-177.6527,-224.7271,-284.5447,-378.6779,-377.2627,-458.1657,-437.8984,-411.8994,-402.8001,-434.6387,-506.0014,-432.089,-397.4968,-291.5226,-339.6151,-350.2644,-289.6811,-316.9226,-389.4328,-364.1942,-388.7013,-492.69849,-520.88116,-495.0166,-491.67651,-524.51648,-509.75552,-636.54132,-630.10107,-714.99988,-863.22919,-910.41974,-761.34753,-655.5562,-709.4623,-651.7995,-531.2126,-422.5056,-436.3428,-425.0906,-446.8991,-585.4653,-611.1073,-482.6904,-452.1332
"cS32_b1_b2_b3_b4_b5_b6",0.14286,0,2.4762,2,2.4762,2,1,1,37.0952,36,1,0,0,1,"Medium",85.61298,160.5038,188.7659,247.6731,263.9434,215.9745,174.7023,10.6555,-142.4369,63.02753,347.2385,422.0939,414.8992,457.972,503.2594,574.1278,592.0873,578.032,480.4091,405.58,402.8449,456.3372,473.1335,398.5461,311.1031,221.219,212.448,320.8792,332.6046,353.4934,266.6646,175.1338,200.8804,205.5901,102.18301,-15.41331,-43.905598,17.139767,42.878132,31.706503,-104.82466,-131.53363,2.1062891,7.7224464,69.465881,130.85928,150.5952,16.63709,-41.09741,-18.835,-0.4414219,118.3774,186.3442,199.1873,151.4403,97.24034,54.46967,106.128
"cS32_b1_b2_b3_b4_b5_b6",0.125,0,2.875,3,2.875,3,1,1,38.5,41,1,0,1,0,"Hard",-447.9641,-423.253,-246.6428,-100.435,-155.2519,-144.2988,-222.2691,-1.76704,18.63531,162.6546,314.2923,296.8227,365.488,463.3382,510.3178,495.2766,389.8153,235.4222,152.7893,175.4281,125.8525,2.304901,-102.2275,-296.2943,-332.4127,-289.3284,-324.0641,-363.1037,-625.3113,-305.6706,-206.6772,-186.478,-317.9081,-213.3268,-148.93416,-238.68005,-317.39746,-300.58807,-287.21207,-221.24268,-330.47275,-358.47021,-385.66913,-468.73456,-333.90692,-331.49207,-360.8861,-293.8875,-113.2365,6.039472,9.525518,194.0306,251.3123,262.0821,215.9869,29.63502,-108.8132,-228.5949
"cS33_b1_b2_b3_b4_b5_b6",0.043478,0,2.5217,3,2.5217,3,1,1,35.8261,33,1,1,0,0,"Easy",-38.19895,-38.90235,-78.53771,-51.93885,-110.3491,-87.68258,-29.56064,-5.4974,107.429,181.8767,169.0531,152.1172,178.2684,156.0464,154.5018,142.3174,163.5872,175.9064,143.6703,124.8682,66.68892,49.78034,39.06263,77.01205,80.33864,-16.39499,-35.04869,-50.41929,-18.95516,-17.72378,62.12728,39.69424,-2.37938,-76.69703,-28.857981,-45.410812,-145.64635,-110.98586,-146.23793,-76.262535,-3.4431882,-18.25539,-32.852489,-97.098221,-118.36382,-28.829586,-50.94267,-4.302098,20.2081,-52.27887,2.051084,39.7906,-76.91612,-172.2433,-53.20494,-118.8744,-68.16201,-25.74422
"cS33_b1_b2_b3_b4_b5_b6",0.095238,0,2.381,2,2.381,2,1,1,36.7143,37,1,0,0,1,"Medium",-77.15608,-79.67162,-91.64482,-11.63066,-7.881256,-1.523653,26.14867,-3.1161,-8.775569,-46.19403,62.59218,81.51978,-9.165125,-120.7824,-96.87745,-11.51793,38.33723,82.69381,27.92975,-28.36552,11.71749,95.01021,119.0922,37.24629,-21.93531,-38.77816,18.4098,102.2584,91.21384,-25.10304,-72.10875,-127.6468,-70.3017,-49.21566,-45.049438,-108.12697,-72.074348,-29.108738,-42.958244,29.355732,18.412811,-33.90752,-32.898758,-90.854263,-106.47131,-76.600525,-60.42064,-60.71105,-97.75585,-36.13992,-50.98194,-126.9636,-153.7232,-135.1031,-151.6565,-57.54242,34.53625,-16.68337
"cS33_b1_b2_b3_b4_b5_b6",0.3,0,2.5,2.5,2.5,2.5,1,1,31.7,32,1,0,1,0,"Hard",-204.7324,-180.8956,-10.70914,-25.65346,-94.0395,-73.91384,-51.60104,3.89298,-98.35352,-159.8735,-104.735,-56.67022,-117.5407,-50.02006,-2.880898,-62.15889,10.39616,59.22308,107.4682,83.19923,-83.14043,-35.38119,-38.22057,8.134382,52.90879,78.94902,63.16704,-81.71498,-18.02575,31.13583,22.29253,11.71401,-53.75871,17.4014,-28.391827,-83.214035,-111.6368,-12.584005,-18.48251,-100.11356,-56.745544,-278.99609,-172.66794,-205.19943,-110.50056,-16.212744,-129.3052,-37.2087,-120.5525,-142.241,-48.94418,-5.709372,3.223322,-83.83247,-97.85414,-2.695561,-89.22264,-144.3488
"cS34_b1_b2_b3_b4_b5_b6",0,0,2.375,2,2.375,2,1,1,37.2917,37,1,1,0,0,"Easy",-149.5522,-101.7391,-0.4650745,22.15519,-6.817657,21.21373,65.74947,1.13885,-7.67688,-8.06985,-91.0533,-162.732,-256.6211,-334.976,-301.1321,-267.0414,-324.8301,-270.1227,-203.4123,-188.0166,-229.2019,-293.4747,-336.4176,-420.6476,-459.9395,-454.0897,-451.6772,-469.248,-481.4549,-449.6602,-562.5331,-627.4781,-612.6195,-594.9401,-606.94348,-654.21448,-724.42188,-773.72638,-748.97083,-769.0097,-759.89636,-670.38428,-632.37708,-679.62488,-666.34058,-605.42682,-565.3096,-557.0204,-500.6627,-566.4293,-654.9604,-686.3895,-642.15,-692.3257,-707.6465,-644.0958,-577.193,-589.23
"cS34_b1_b2_b3_b4_b5_b6",0.05,0,2.5,2.5,2.5,2.5,1,1,37.2,39,1,0,0,1,"Medium",-213.1444,-131.6204,-95.66061,-91.33108,-96.21577,-54.91149,34.3043,2.22052,-28.54258,58.47248,103.1406,97.92521,77.72392,26.39697,-62.2312,-19.70526,-52.65717,-91.65667,-82.98787,-116.9094,-129.3094,-150.683,-120.6463,-139.3638,-123.8044,-127.4204,-112.4899,-168.2474,-224.6611,-273.6422,-245.1976,-274.8542,-306.66,-262.0897,-201.37955,-192.27103,-230.66879,-314.43311,-308.54276,-313.17355,-373.95532,-460.01593,-533.38354,-517.9212,-536.36035,-544.53448,-509.5307,-505.7729,-503.9736,-486.2398,-533.6968,-530.4246,-479.9944,-499.5977,-526.3984,-456.8103,-426.544,-385.6328
"cS34_b1_b2_b3_b4_b5_b6",0.10526,0,2.3684,2,2.3684,2,1,1,38.8947,38,1,0,1,0,"Hard",-213.5872,-274.1686,-195.6414,-82.06015,-71.20866,-18.58372,24.92034,-1.52664,22.35221,66.4912,144.8535,165.1776,174.5119,201.1455,146.657,166.5859,147.6826,87.36372,35.06434,20.60371,-30.27905,-41.27793,-44.88236,-120.5973,-96.69915,-77.13744,-94.16205,-137.3192,-177.5517,-281.0349,-301.5013,-272.2322,-297.0614,-301.9626,-281.88187,-277.27161,-259.12503,-278.01889,-241.34966,-262.5463,-244.14729,-249.68472,-276.33456,-217.1171,-181.8022,-253.83679,-350.9042,-265.8065,-264.8306,-243.189,-257.8542,-327.2001,-315.4158,-407.7755,-399.92,-356.3017,-280.8384,-286.5712
"cS35_b1_b2_b3_b4_b5_b6",0,0,2.4783,2,2.4783,2,1,1,37.2609,39,1,1,0,0,"Easy",-227.929,-185.8931,-72.94799,-114.7294,-112.3649,-56.94662,23.19282,-1.85676,38.36921,81.49217,28.09786,-137.0156,-251.7347,-245.969,-149.2309,-119.7151,-163.8919,-188.4471,-218.6486,-268.8065,-279.3156,-238.9646,-219.9857,-179.4346,-163.3057,-182.092,-193.8406,-194.7849,-234.746,-284.6143,-337.413,-320.0692,-315.1277,-239.844,-262.86264,-329.95563,-354.23605,-431.33676,-426.76935,-462.81354,-441.91132,-408.9971,-445.72614,-497.76862,-491.03116,-389.6243,-369.2581,-337.6429,-379.5249,-420.0352,-465.7309,-469.5538,-470.6478,-492.6138,-511.0385,-557.7551,-533.694,-534.7462
"cS35_b1_b2_b3_b4_b5_b6",0.045455,0,2.5909,3,2.5909,3,1,1,34.3636,34.5,1,0,0,1,"Medium",-226.7845,-133.1157,-4.734979,26.01029,75.41846,129.5267,137.2106,3.61649,-22.74506,86.50903,267.35,306.032,285.2594,288.8623,328.0928,368.9637,365.7588,242.7653,199.1354,245.1385,337.5715,345.1898,227.5433,123.034,117.4384,177.5988,182.0959,149.1992,104.3661,52.61034,49.22216,16.8959,11.09485,-26.65092,-48.311127,-8.5741386,-9.6166191,-39.634888,-65.361588,-62.470665,-49.692413,-117.02402,-214.48477,-204.5486,-183.54671,-251.11409,-226.2041,-200.3465,-174.1627,-164.0423,-171.8871,-185.8129,-236.5993,-257.1976,-263.8926,-289.8586,-279.9997,-307.5787
"cS35_b1_b2_b3_b4_b5_b6",0.2,0,2.5333,3,2.5333,3,1,1,36.5333,42,1,0,1,0,"Hard",-156.7549,-92.76735,-35.89524,-48.29111,-7.439456,80.45989,90.93861,2.09426,-32.42188,50.30759,244.7547,318.2725,310.492,305.8336,329.6406,400.8495,417.5261,330.3517,276.7768,302.9084,356.1595,334.5253,232.6403,151.9417,212.0893,226.6508,195.0829,197.3423,267.2605,303.8573,205.8844,144.8947,165.1208,202.4354,167.21797,144.82588,93.231567,55.423592,158.86124,234.45381,168.09682,67.138954,78.008438,117.651,141.99527,52.238995,6.270439,17.61725,11.24719,34.94863,61.41528,53.27601,21.30598,-55.28362,-75.63892,69.46738,7.580306,-128.4886
